{
    "id": "tiered:legendary_tool_1",
    "verifiers": [
        {
            "tag": "c:axes"
        },
        {
            "tag": "c:pickaxes"
        },
        {
            "tag": "c:shovels"
        },
        {
            "tag": "c:hoes"
        },
        {
            "id": "oxidized:rose_gold_pickaxe"
        },
        {
            "id": "oxidized:rose_gold_axe"
        },
        {
            "id": "oxidized:rose_gold_hoe"
        }
    ],
    "weight": 5,
    "style": {
        "color": "gold"
    },
    "attributes": [
        {
            "type": "tiered:generic.durable",
            "modifier": {
                "name": "tiered:legendary_tool_1",
                "operation": "MULTIPLY_BASE",
                "amount": 0.3
            },
            "optional_equipment_slots": [
                "MAINHAND"
            ]
        },
        {
            "type": "generic.movement_speed",
            "modifier": {
                "name": "tiered:legendary_tool_1",
                "operation": "MULTIPLY_BASE",
                "amount": 0.05
            },
            "optional_equipment_slots": [
                "MAINHAND"
            ]
        },
        {
            "type": "reach-entity-attributes:reach",
            "modifier": {
                "name": "tiered:legendary_tool_1",
                "operation": "ADDITION",
                "amount": 2
            },
            "optional_equipment_slots": [
                "MAINHAND"
            ]
        }
    ]
}