{
    "id": "tiered:uncommon_elytra_2",
    "verifiers": [
        {
            "id": "minecraft:elytra"
        }
    ],
    "weight": 35,
    "style": {
        "color": "dark_green"
    },
    "attributes": [
        {
            "type": "generic.armor",
            "modifier": {
                "name": "tiered:uncommon_elytra_2",
                "operation": "ADDITION",
                "amount": 1
            },
            "optional_equipment_slots": [
                "CHEST"
            ]
        },
        {
            "type": "generic.movement_speed",
            "modifier": {
                "name": "tiered:uncommon_elytra_2",
                "operation": "MULTIPLY_BASE",
                "amount": -0.02
            },
            "optional_equipment_slots": [
                "CHEST"
            ]
        }
    ]
}