{
    "id": "tiered:common_armor_2",
    "verifiers": [
        {
            "tag": "c:helmets"
        },
        {
            "tag": "c:chestplates"
        },
        {
            "tag": "c:leggings"
        },
        {
            "tag": "c:boots"
        }
    ],
    "weight": 50,
    "style": {
        "color": "gray"
    },
    "attributes": [
        {
            "type": "generic.armor",
            "modifier": {
                "name": "tiered:common_armor_2",
                "operation": "ADDITION",
                "amount": -1
            },
            "optional_equipment_slots": [
                "FEET",
                "LEGS",
                "CHEST",
                "HEAD"
            ]
        },
        {
            "type": "generic.movement_speed",
            "modifier": {
                "name": "tiered:common_armor_2",
                "operation": "MULTIPLY_BASE",
                "amount": -0.03
            },
            "optional_equipment_slots": [
                "FEET",
                "LEGS",
                "CHEST",
                "HEAD"
            ]
        }
    ]
}