{
    "id": "tiered:common_ranged_4",
    "verifiers": [
        {
            "tag": "c:bows"
        },
        {
            "tag": "c:crossbows"
        }
    ],
    "weight": 50,
    "style": {
        "color": "gray"
    },
    "attributes": [
        {
            "type": "tiered:generic.range_attack_damage",
            "modifier": {
                "name": "tiered:common_ranged_4",
                "operation": "MULTIPLY_BASE",
                "amount": -0.1
            },
            "optional_equipment_slots": [
                "MAINHAND"
            ]
        },
        {
            "type": "tiered:generic.durable",
            "modifier": {
                "name": "tiered:common_ranged_4",
                "operation": "MULTIPLY_BASE",
                "amount": -0.1
            },
            "optional_equipment_slots": [
                "MAINHAND"
            ]
        },
        {
            "type": "generic.movement_speed",
            "modifier": {
                "name": "tiered:common_ranged_4",
                "operation": "MULTIPLY_BASE",
                "amount": -0.035
            },
            "optional_equipment_slots": [
                "MAINHAND"
            ]
        }
    ]
}