{
    "id": "tiered:uncommon_ranged_3",
    "verifiers": [
        {
            "tag": "c:bows"
        },
        {
            "tag": "c:crossbows"
        }
    ],
    "weight": 35,
    "style": {
        "color": "dark_green"
    },
    "attributes": [
        {
            "type": "tiered:generic.range_attack_damage",
            "modifier": {
                "name": "tiered:uncommon_ranged_3",
                "operation": "MULTIPLY_BASE",
                "amount": 0.05
            },
            "optional_equipment_slots": [
                "MAINHAND"
            ]
        },
        {
            "type": "generic.movement_speed",
            "modifier": {
                "name": "tiered:uncommon_ranged_3",
                "operation": "MULTIPLY_BASE",
                "amount": -0.025
            },
            "optional_equipment_slots": [
                "MAINHAND"
            ]
        }
    ]
}