{
    "id": "tiered:rare_fishing_1",
    "verifiers": [
        {
            "id": "minecraft:fishing_rod"
        }
    ],
    "weight": 20,
    "style": {
        "color": "blue"
    },
    "attributes": [
        {
            "type": "generic.luck",
            "modifier": {
                "name": "tiered:rare_fishing_1",
                "operation": "ADDITION",
                "amount": 0.5
            },
            "optional_equipment_slots": [
                "MAINHAND",
                "OFFHAND"
            ]
        }
    ]
}