{
    "id": "tiered:legendary_shield_3",
    "verifiers": [
        {
            "tag": "c:shields"
        }
    ],
    "weight": 5,
    "style": {
        "color": "gold"
    },
    "attributes": [
        {
            "type": "generic.armor",
            "modifier": {
                "name": "tiered:legendary_shield_3",
                "operation": "ADDITION",
                "amount": 3
            },
            "optional_equipment_slots": [
                "MAINHAND",
                "OFFHAND"
            ]
        },
        {
            "type": "tiered:generic.durable",
            "modifier": {
                "name": "tiered:legendary_shield_3",
                "operation": "MULTIPLY_BASE",
                "amount": 0.3
            },
            "optional_equipment_slots": [
                "MAINHAND",
                "OFFHAND"
            ]
        }
    ]
}